<?xml version="1.0" encoding="UTF-8"?>
<beans xmlns="http://www.springframework.org/schema/beans"
	xmlns:ctx="http://www.springframework.org/schema/context"
	xmlns:xsi="http://www.w3.org/2001/XMLSchema-instance"
	xmlns:mvc="http://www.springframework.org/schema/mvc"
	xsi:schemaLocation="http://www.springframework.org/schema/beans 
	http://www.springframework.org/schema/beans/spring-beans-2.5.xsd
	http://www.springframework.org/schema/mvc
	http://www.springframework.org/schema/mvc/spring-mvc-3.0.xsd
	http://www.springframework.org/schema/context
	http://www.springframework.org/schema/context/spring-context-2.5.xsd ">
	
	
	<ctx:annotation-config></ctx:annotation-config>
	<ctx:component-scan base-package="com.proman">
	</ctx:component-scan>
		<mvc:annotation-driven/>
		<mvc:resources mapping="/css/**" location="/css/" />
		<mvc:resources mapping="/img/**" location="/img/" />
	<bean id="viewresolver" class="org.springframework.web.servlet.view.InternalResourceViewResolver">
	<property name="prefix" value="/WEB-INF/views/" />
	<property name="suffix" value=".jsp"/>
	</bean>
	<bean id="loginDao" class="com.dao.impl.LoginDaoImpl"/>
	<bean id="jdbcTemplate" class="org.springframework.jdbc.core.JdbcTemplate">
	<property name="dataSource" ref="datasource"/>
	</bean>
	<bean id="datasource" class="org.springframework.jdbc.datasource.DriverManagerDataSource">
   <property name="driverClassName" value="com.mysql.jdbc.Driver" />
   <property name="url" value="jdbc:mysql://localhost:3306/proman"/>
   <property name="username" value="root"/>
   <property name="password" value="root123"/>
   </bean>
</beans>

